Original_x,Optimal_x,Cost,Objective,Runtime
"[38.0, 1.0, 1.9, 90.0, 27.3]",[nan],,,0.01349902153
"[37.0, 1.0, 1.9, 85.0, 26.1]",[nan],,,0.01431202888
"[36.0, 1.0, 1.9, 75.0, 24.2]",[nan],,,0.0112695694
"[35.0, 1.0, 1.9, 65.0, 22.7]",[nan],,,0.01896071434