Original_x,Optimal_x,Cost,Objective,Runtime
"[3.0, 12.0, 4.0, 4.0, 2331.0, 4.0, 4.0, 1.0, 2.0, 1.0, 4.0, 0.0, 49.0, 2.0, 1.0, 1.0, 2.0, 1.0, 1.0, 0.0]","[3.00000000e+00 7.00000000e+00 4.00000000e+00 4.00000000e+00
 1.55741263e+03 4.00000000e+00 4.00000000e+00 1.00000000e+00
 2.00000000e+00 1.00000000e+00 4.00000000e+00 0.00000000e+00
 4.90000000e+01 2.00000000e+00 1.00000000e+00 1.00000000e+00
 0.00000000e+00 1.00000000e+00 1.00000000e+00 0.00000000e+00]",780.587370313518823,780.587370313518823,0.0811166763305664
"[3.0, 9.0, 2.0, 7.0, 3832.0, 4.0, 4.0, 1.0, 2.0, 0.0, 4.0, 0.0, 64.0, 2.0, 1.0, 1.0, 1.0, 1.0, 0.0, 0.0]","[3.00000000e+00 7.00000000e+00 4.00000000e+00 7.00000000e+00
 1.51458794e+03 4.00000000e+00 4.00000000e+00 1.00000000e+00
 2.00000000e+00 0.00000000e+00 4.00000000e+00 0.00000000e+00
 6.40000000e+01 2.00000000e+00 1.00000000e+00 1.00000000e+00
 0.00000000e+00 1.00000000e+00 0.00000000e+00 0.00000000e+00]",2322.412057601325303,2322.412057601325303,0.032719612121582
"[3.0, 12.0, 4.0, 4.0, 1655.0, 0.0, 4.0, 2.0, 2.0, 0.0, 4.0, 0.0, 63.0, 2.0, 1.0, 2.0, 1.0, 1.0, 1.0, 0.0]","[3.0000000e+00 7.0000000e+00 4.0000000e+00 4.0000000e+00 1.5108051e+03
 0.0000000e+00 4.0000000e+00 2.0000000e+00 2.0000000e+00 0.0000000e+00
 4.0000000e+00 0.0000000e+00 6.3000000e+01 2.0000000e+00 1.0000000e+00
 2.0000000e+00 0.0000000e+00 1.0000000e+00 1.0000000e+00 0.0000000e+00]",150.194904372620327,150.194904372620327,0.0306160449981689
