Original_x,Optimal_x,Cost,Objective,Runtime
"[3, 1, 3, 2, 1, 2]",[nan],,,0.0107340812683105
"[3, 1, 2, 3, 3, 1]",[nan],,,0.0267915725708007
"[5, 5, 1, 1, 5, 1]",[nan],,,0.0506751537322998
