Original_x,Optimal_x,Cost,Objective,Runtime
"[3.0, 1.0, 3.0, 2.0, 1.0, 2.0]",[5. 3. 3. 2. 2. 5.],4,4,0.0502920150756835
"[3.0, 1.0, 2.0, 3.0, 3.0, 1.0]",[5. 3. 3. 3. 3. 5.],4,4,0.0596759319305419
"[5.0, 5.0, 1.0, 1.0, 5.0, 1.0]",[5. 4. 3. 3. 5. 5.],4,4,0.0525746345520019
