Original_x,Optimal_x,Cost,Objective,Runtime,Slack_info,Slack_house_cost
"[3.0, 1.0, 3.0, 2.0, 1.0, 2.0]",[5. 3. 3. 4. 2. 2.],1,1,0.0169458389282226,1,0
"[3.0, 1.0, 2.0, 3.0, 3.0, 1.0]",[5. 4. 5. 4. 2. 1.],1,1,0.0136206150054931,1,0
"[5.0, 5.0, 1.0, 1.0, 5.0, 1.0]",[5. 4. 4. 5. 2. 1.],1,1,0.0166184902191162,1,0
